int,string,string,string,string,string
id,first_name,last_name,email,gender,ip_address
1,Alena,Horribine,ahorribine0@google.ca,Female,175.255.110.104
2,Phyllida,Lammas,plammas1@furl.net,Female,43.197.23.51
3,Dalenna,Chessel,dchessel2@freewebs.com,Female,15.211.2.197
4,Clementine,Dowding,cdowding3@prnewswire.com,Female,115.206.173.69
5,Magda,Simeoni,msimeoni4@addthis.com,Female,116.226.132.220
6,Berty,MacMychem,bmacmychem5@mashable.com,Male,35.249.168.215
7,Melantha,Tesh,mtesh6@independent.co.uk,Female,235.197.114.84
8,Mano,Daleman,mdaleman7@newyorker.com,Male,40.140.175.143
9,Arlyne,Totterdill,atotterdill8@google.fr,Female,113.175.197.5
10,Nathanial,Lorkings,nlorkings9@japanpost.jp,Male,193.191.234.51
11,Belinda,Gilogly,bgiloglya@vimeo.com,Female,199.114.3.205
12,Nilson,Grishin,ngrishinb@state.gov,Male,21.93.182.69
13,Ira,Faichnie,ifaichniec@google.com,Male,181.143.111.197
14,Jerome,O'Calleran,jocallerand@imdb.com,Male,123.79.205.69
15,Leland,Douch,ldouche@harvard.edu,Female,5.105.108.59
16,Bart,Henriksson,bhenrikssonf@yellowbook.com,Male,115.197.113.232
17,Gina,Harmour,gharmourg@google.co.uk,Female,161.165.77.23
18,Pavlov,Myner,pmynerh@cyberchimps.com,Male,24.182.75.120
19,Irv,Huison,ihuisoni@xinhuanet.com,Male,23.254.16.27
20,Doretta,Earwaker,dearwakerj@comcast.net,Female,143.22.251.73
21,Tessy,Marney,tmarneyk@mtv.com,Female,242.91.98.88
22,Abran,O'Rudden,aoruddenl@huffingtonpost.com,Male,110.217.146.10
23,Lauraine,Sharply,lsharplym@blogs.com,Female,23.217.217.190
24,Fionna,Bunson,fbunsonn@usgs.gov,Female,73.46.61.187
25,Afton,Escale,aescaleo@netscape.com,Female,27.195.220.127
26,Jesse,Lefley,jlefleyp@macromedia.com,Male,45.123.226.154
27,Ryan,Bennit,rbennitq@independent.co.uk,Male,5.107.12.161
28,Denise,Gentil,dgentilr@woothemes.com,Female,35.250.173.75
29,Joachim,Clothier,jclothiers@jugem.jp,Male,133.39.64.8
30,Hobey,Kroon,hkroont@woothemes.com,Male,242.17.225.164
31,Cris,Camelli,ccamelliu@photobucket.com,Male,167.198.32.247
32,Gustavus,Tidridge,gtidridgev@google.ru,Male,228.135.229.238
33,Meggy,Kingsley,mkingsleyw@virginia.edu,Female,122.52.36.38
34,Hester,Jevons,hjevonsx@wunderground.com,Female,209.115.122.193
35,Benedicto,Kabos,bkabosy@engadget.com,Male,89.103.235.96
36,Granny,Pyzer,gpyzerz@time.com,Male,28.95.29.24
37,Alta,Kestell,akestell10@usgs.gov,Female,126.173.114.230
38,Muhammad,Szymanzyk,mszymanzyk11@newyorker.com,Male,5.221.2.230
39,Lilli,Hearsey,lhearsey12@elegantthemes.com,Female,158.58.17.238
40,Essie,Ludwig,eludwig13@biglobe.ne.jp,Female,207.194.141.215
41,Davon,Trengrouse,dtrengrouse14@rediff.com,Male,202.15.53.234
42,Bunni,Beament,bbeament15@tripod.com,Female,126.96.220.145
43,Leonid,Broome,lbroome16@yale.edu,Male,95.173.139.63
44,Cirilo,Romeril,cromeril17@princeton.edu,Male,172.120.64.8
45,Netta,Estcourt,nestcourt18@adobe.com,Female,120.177.155.103
46,Erhart,Breitling,ebreitling19@howstuffworks.com,Male,185.124.150.157
47,Conney,Widd,cwidd1a@constantcontact.com,Male,200.116.175.142
48,Marty,Wike,mwike1b@intel.com,Male,94.18.25.101
49,Wolfie,Wharrier,wwharrier1c@time.com,Male,83.219.222.84
50,Hailey,Doxey,hdoxey1d@wired.com,Male,9.117.9.43
51,Woodie,Moult,wmoult1e@comsenz.com,Male,217.88.184.95
52,Alanson,Le Gallo,alegallo1f@washingtonpost.com,Male,180.223.23.177
53,Tammie,Roeby,troeby1g@rambler.ru,Female,71.37.43.68
54,Pepita,Humberstone,phumberstone1h@skype.com,Female,44.46.206.42
55,Burl,Bellee,bbellee1i@imdb.com,Male,174.119.97.185
56,Ellery,Prangley,eprangley1j@baidu.com,Male,159.106.179.215
57,Theressa,Cicetti,tcicetti1k@ucla.edu,Female,248.224.21.45
58,Silvia,Lambell,slambell1l@myspace.com,Female,41.194.37.72
59,Tammara,Figin,tfigin1m@cmu.edu,Female,205.157.245.7
60,Sheridan,Brilleman,sbrilleman1n@quantcast.com,Male,36.112.31.126
61,Roger,Ousley,rousley1o@example.com,Male,250.135.51.83
62,Russell,Beddow,rbeddow1p@google.ru,Male,74.232.73.47
63,Marci,Paolone,mpaolone1q@harvard.edu,Female,113.230.5.169
64,Margette,De Souza,mdesouza1r@simplemachines.org,Female,110.179.23.121
65,Wenda,Botfield,wbotfield1s@trellian.com,Female,41.198.145.202
66,Jory,Auty,jauty1t@house.gov,Male,74.132.23.74
67,Benoite,Waldron,bwaldron1u@newyorker.com,Female,6.196.187.253
68,Charmine,Stitfall,cstitfall1v@flickr.com,Female,176.83.5.249
69,Alejandro,Egiloff,aegiloff1w@samsung.com,Male,29.214.49.201
70,Jere,Byron,jbyron1x@amazonaws.com,Male,202.166.11.205
71,Gert,Mundall,gmundall1y@baidu.com,Female,151.63.14.125
72,Hagen,Dusting,hdusting1z@clickbank.net,Male,148.169.6.205
73,Forrester,Matei,fmatei20@constantcontact.com,Male,44.189.170.51
74,Aldo,Branni,abranni21@g.co,Male,81.25.243.123
75,Dannie,Stelfax,dstelfax22@nhs.uk,Female,78.66.21.179
76,Martha,Bramsom,mbramsom23@jiathis.com,Female,55.30.214.125
77,Henriette,Bircher,hbircher24@icq.com,Female,183.104.107.134
78,Ashbey,Gumbrell,agumbrell25@i2i.jp,Male,181.142.84.21
79,Coralie,Flaunders,cflaunders26@phoca.cz,Female,206.220.204.248
80,Rozanna,Suero,rsuero27@xinhuanet.com,Female,79.83.80.169
81,Ernesta,Ech,eech28@intel.com,Female,73.150.64.48
82,Tynan,Lindemann,tlindemann29@free.fr,Male,174.127.44.112
83,Doloritas,Brotherhood,dbrotherhood2a@nature.com,Female,69.37.231.10
84,Ryley,MacClay,rmacclay2b@loc.gov,Male,93.12.153.100
85,Sisely,Ludlom,sludlom2c@g.co,Female,126.233.181.190
86,Maria,Cheng,mcheng2d@myspace.com,Female,230.220.19.205
87,Broddy,Whetnell,bwhetnell2e@indiatimes.com,Male,235.248.87.47
88,Sandro,Espino,sespino2f@imdb.com,Male,9.104.91.194
89,Norry,Diperaus,ndiperaus2g@vimeo.com,Male,97.218.146.198
90,Finn,Stowell,fstowell2h@barnesandnoble.com,Male,175.205.20.63
91,Bonni,Boak,bboak2i@biglobe.ne.jp,Female,54.239.112.35
92,Raimundo,Crippell,rcrippell2j@booking.com,Male,97.100.9.152
93,Addy,Oag,aoag2k@reverbnation.com,Male,110.209.219.24
94,Gilly,Bispo,gbispo2l@hhs.gov,Female,55.19.210.131
95,Claretta,Janicijevic,cjanicijevic2m@jiathis.com,Female,158.143.65.101
96,Christoper,Gottschalk,cgottschalk2n@bbc.co.uk,Male,204.172.224.103
97,Nye,Jamot,njamot2o@paginegialle.it,Male,91.52.51.71
98,Jeanne,Shwalbe,jshwalbe2p@domainmarket.com,Female,55.99.31.195
99,Fenelia,Maulkin,fmaulkin2q@photobucket.com,Female,164.209.161.200
100,Lorrie,Elsegood,lelsegood2r@joomla.org,Male,185.225.210.200
101,Greta,Shanley,gshanley2s@apple.com,Female,136.233.77.22
102,Barnaby,Baskwell,bbaskwell2t@indiatimes.com,Male,188.160.125.123
103,Franciska,Wrighton,fwrighton2u@twitpic.com,Female,234.36.160.126
104,Wiatt,Camillo,wcamillo2v@npr.org,Male,166.127.169.62
105,Kally,Billitteri,kbillitteri2w@cmu.edu,Female,73.83.250.114
106,Tom,Scroyton,tscroyton2x@go.com,Male,113.73.39.7
107,Dario,Finnan,dfinnan2y@nyu.edu,Male,208.174.38.93
108,Walden,Morgon,wmorgon2z@hostgator.com,Male,48.236.115.111
109,Ryann,Becaris,rbecaris30@oakley.com,Female,239.152.200.81
110,Alphonse,Matthew,amatthew31@guardian.co.uk,Male,171.123.59.101
111,Efrem,Humberston,ehumberston32@harvard.edu,Male,248.206.243.78
112,Lonni,Theml,ltheml33@skype.com,Female,107.108.206.84
113,Fallon,Itzkov,fitzkov34@behance.net,Female,15.92.205.87
114,Paule,Kielty,pkielty35@google.ru,Female,181.158.214.225
115,Maximilian,O'Neil,moneil36@cocolog-nifty.com,Male,131.217.41.84
116,Ken,Handyside,khandyside37@arstechnica.com,Male,76.192.242.233
117,Ekaterina,Floch,efloch38@blogtalkradio.com,Female,148.79.147.22
118,Honey,Speak,hspeak39@go.com,Female,217.25.171.90
119,Rafaellle,Clawe,rclawe3a@geocities.jp,Male,141.73.253.240
120,Krystle,Hedworth,khedworth3b@adobe.com,Female,209.60.159.238
121,Matty,Wagnerin,mwagnerin3c@salon.com,Female,56.171.57.59
122,Pet,Duffrie,pduffrie3d@nymag.com,Female,30.125.194.104
123,Mayne,Copper,mcopper3e@icq.com,Male,133.196.243.233
124,Emelen,Clowser,eclowser3f@pagesperso-orange.fr,Male,s
125,Clemence,Franzetti,cfranzetti3g@phoca.cz,Female,77.131.50.165
126,Vic,Beeble,vbeeble3h@engadget.com,Male,39.234.231.72
127,Israel,Faier,ifaier3i@sfgate.com,Male,165.183.99.187
128,Dulcy,Epilet,depilet3j@biblegateway.com,Female,32.50.187.55
129,Nealy,Rubinovitsch,nrubinovitsch3k@squarespace.com,Male,137.14.158.158
130,Batholomew,Ramsay,bramsay3l@state.tx.us,Male,24.25.196.252
131,Anestassia,Brayley,abrayley3m@jalbum.net,Female,27.191.246.142
132,Ted,Maundrell,tmaundrell3n@twitpic.com,Male,131.156.119.99
133,Lorelle,Wong,lwong3o@gizmodo.com,Female,228.149.212.83
134,Mickie,Carefull,mcarefull3p@live.com,Female,21.7.234.248
135,Ora,Snuggs,osnuggs3q@constantcontact.com,Female,233.179.24.182
136,Reece,Scollick,rscollick3r@businessinsider.com,Male,54.101.3.65
137,Charmain,Tollemache,ctollemache3s@wired.com,Female,243.15.120.68
138,Franklin,Beal,fbeal3t@google.ca,Male,129.157.141.247
139,Chic,Ros,cros3u@columbia.edu,Male,63.192.163.224
140,Ulric,Macallam,umacallam3v@bandcamp.com,Male,85.112.143.249
141,Silvia,Langlands,slanglands3w@livejournal.com,Female,117.135.107.132
142,Dieter,Leyes,dleyes3x@mozilla.org,Male,107.110.125.138
143,Nichols,Deluze,ndeluze3y@goo.ne.jp,Male,121.10.141.116
144,Merci,Elecum,melecum3z@cargocollective.com,Female,62.207.75.91
145,Lian,Sergeant,lsergeant40@ox.ac.uk,Female,201.157.235.186
146,Ethelda,Woolhouse,ewoolhouse41@go.com,Female,83.225.84.32
147,Sigismund,Gwyn,sgwyn42@intel.com,Male,224.177.82.12
148,Dur,Andrews,dandrews43@tamu.edu,Male,224.178.148.242
149,Marcus,Smallridge,msmallridge44@webnode.com,Male,122.140.44.133
150,Enrico,Crownshaw,ecrownshaw45@virginia.edu,Male,210.84.96.168
151,Gisella,Bea,gbea46@lycos.com,Female,145.147.117.186
152,Ned,Derl,nderl47@discuz.net,Male,65.83.138.136
153,Dahlia,Heinel,dheinel48@time.com,Female,27.56.158.100
154,Kory,Oglesbee,koglesbee49@independent.co.uk,Male,79.80.169.53
155,Tresa,Lockhead,tlockhead4a@patch.com,Female,65.207.150.214
156,Cody,Ludvigsen,cludvigsen4b@netlog.com,Female,41.228.92.204
157,Shurlock,Lelande,slelande4c@php.net,Male,7.85.19.226
158,Timmie,Caudelier,tcaudelier4d@homestead.com,Female,92.172.80.198
159,Agnesse,Stockoe,astockoe4e@over-blog.com,Female,123.117.48.13
160,Lynda,Ownsworth,lownsworth4f@mashable.com,Female,205.63.52.166
161,Raphael,Tanzig,rtanzig4g@bandcamp.com,Male,156.30.59.192
162,Karlan,Cheevers,kcheevers4h@usgs.gov,Male,28.206.192.6
163,Mahalia,Dengate,mdengate4i@guardian.co.uk,Female,191.172.177.215
164,Penny,Convery,pconvery4j@statcounter.com,Male,166.86.113.204
165,Lorenzo,Siderfin,lsiderfin4k@live.com,Male,244.183.36.89
166,Kilian,Ivakin,kivakin4l@kickstarter.com,Male,217.46.233.50
167,Kiersten,Kelinge,kkelinge4m@xing.com,Female,32.179.214.240
168,Pierre,Hatcher,phatcher4n@360.cn,Male,55.50.95.136
169,Brit,Carwardine,bcarwardine4o@desdev.cn,Female,161.177.153.192
170,Joey,Mash,jmash4p@google.pl,Female,253.55.118.30
171,Rolfe,Fautley,rfautley4q@cafepress.com,Male,106.97.149.66
172,Kaine,Farnell,kfarnell4r@delicious.com,Male,33.1.236.141
173,Cassie,Manifold,cmanifold4s@alibaba.com,Female,218.98.244.233
174,Leena,Aberdeen,laberdeen4t@ucla.edu,Female,197.81.228.244
175,Kathy,Rawlence,krawlence4u@instagram.com,Female,51.78.118.115
176,Maire,Lydall,mlydall4v@accuweather.com,Female,75.143.164.4
177,Emmalynn,Duignan,eduignan4w@fda.gov,Female,237.246.124.236
178,Pansie,Callender,pcallender4x@google.ca,Female,165.33.116.210
179,Timoteo,Horrell,thorrell4y@etsy.com,Male,247.178.118.0
180,Che,Shearstone,cshearstone4z@cmu.edu,Male,207.67.23.102
181,Connor,Cleeve,ccleeve50@constantcontact.com,Male,86.42.236.33
182,Tomaso,Jzhakov,tjzhakov51@tumblr.com,Male,220.205.76.91
183,Bertie,Peaple,bpeaple52@cpanel.net,Male,203.125.68.60
184,Hal,Arling,harling53@senate.gov,Male,219.41.204.150
185,Lavinia,Wigelsworth,lwigelsworth54@guardian.co.uk,Female,125.247.27.86
186,Stacia,Greasty,sgreasty55@boston.com,Female,155.131.156.194
187,Sunshine,Longridge,slongridge56@ucoz.ru,Female,232.211.93.140
188,Laurice,Colton,lcolton57@last.fm,Female,221.96.117.68
189,Salaidh,Winwright,swinwright58@dedecms.com,Female,200.235.232.197
190,Adena,Caldecourt,acaldecourt59@nytimes.com,Female,160.2.94.189
191,Giraldo,Dain,gdain5a@pcworld.com,Male,84.67.21.255
192,Agneta,Boyford,aboyford5b@google.ru,Female,171.58.36.200
193,Filberto,Bernucci,fbernucci5c@aboutads.info,Male,18.63.235.52
194,Ernie,Llewelly,ellewelly5d@tinypic.com,Male,133.255.161.87
195,Celestine,Cribbin,ccribbin5e@oakley.com,Female,37.95.68.26
196,Nedda,Woodus,nwoodus5f@free.fr,Female,183.177.235.185
197,Paddie,MacNeil,pmacneil5g@w3.org,Male,159.84.108.122
198,Abelard,Seamark,aseamark5h@skyrock.com,Male,202.198.26.218
199,Alphonse,Hirthe,ahirthe5i@engadget.com,Male,113.179.250.47
200,Briney,Garfirth,bgarfirth5j@europa.eu,Female,87.199.91.97
201,Marcelia,Dowden,mdowden5k@geocities.jp,Female,150.199.111.142
202,Tammie,Dooher,tdooher5l@hibu.com,Male,165.189.73.27
203,Alysia,Turbern,aturbern5m@1und1.de,Female,235.31.88.227
204,Rene,MacPhee,rmacphee5n@reverbnation.com,Female,167.186.27.115
205,Raimund,Beddon,rbeddon5o@edublogs.org,Male,106.140.92.128
206,Anitra,Euplate,aeuplate5p@apple.com,Female,73.70.135.176
207,Nataniel,Kynnd,nkynnd5q@dailymail.co.uk,Male,105.185.253.250
208,Cyndi,Coggin,ccoggin5r@accuweather.com,Female,211.169.86.253
209,Etty,Fishby,efishby5s@alibaba.com,Female,117.72.195.72
210,Myron,Pyper,mpyper5t@trellian.com,Male,7.112.23.11
211,Ruthy,Faulconbridge,rfaulconbridge5u@blog.com,Female,160.33.80.223
212,Toni,Konert,tkonert5v@thetimes.co.uk,Female,170.229.136.166
213,Barry,Jon,bjon5w@sciencedaily.com,Female,91.54.137.197
214,Boy,Shilladay,bshilladay5x@imageshack.us,Male,116.25.222.45
215,Harmonie,Klais,hklais5y@technorati.com,Female,118.13.66.7
216,Bevon,Stoakes,bstoakes5z@china.com.cn,Male,70.225.97.59
217,Nicol,Merryman,nmerryman60@goo.ne.jp,Male,174.254.159.167
218,Maggee,Braddock,mbraddock61@stanford.edu,Female,118.202.56.3
219,Irene,Martignoni,imartignoni62@about.com,Female,23.180.137.127
220,Eugenie,Maryman,emaryman63@bigcartel.com,Female,111.231.87.55
221,Justine,Wixey,jwixey64@stumbleupon.com,Female,185.117.115.237
222,Mile,Bodycote,mbodycote65@ed.gov,Male,208.64.153.42
223,Kristan,Ollive,kollive66@statcounter.com,Female,204.168.116.216
224,Ryan,Isgate,risgate67@so-net.ne.jp,Male,237.221.72.55
225,Alfonso,Romke,aromke68@businesswire.com,Male,198.84.40.232
226,Silvie,Hallgate,shallgate69@sciencedirect.com,Female,181.172.197.250
227,Wilburt,Lacase,wlacase6a@hugedomains.com,Male,67.5.89.4
228,Care,Bonsale,cbonsale6b@cnn.com,Male,198.13.21.26
229,Colman,Coffey,ccoffey6c@msu.edu,Male,223.227.149.131
230,Betti,Tuffey,btuffey6d@soundcloud.com,Female,230.123.181.82
231,Annelise,Bettington,abettington6e@sourceforge.net,Female,146.32.192.86
232,Angelika,Piggot,apiggot6f@merriam-webster.com,Female,136.91.24.8
233,Fernanda,Jotcham,fjotcham6g@examiner.com,Female,182.90.250.77
234,Man,Clayal,mclayal6h@google.fr,Male,245.192.33.219
235,Toiboid,Staziker,tstaziker6i@epa.gov,Male,46.137.203.117
236,Freeland,Coleson,fcoleson6j@printfriendly.com,Male,11.12.133.62
237,Cooper,Dumper,cdumper6k@google.co.jp,Male,112.25.172.205
238,Bettine,Caplan,bcaplan6l@dmoz.org,Female,160.154.127.104
239,Kinsley,Morrilly,kmorrilly6m@latimes.com,Male,51.17.44.27
240,Hanni,Choupin,hchoupin6n@woothemes.com,Female,169.27.76.91
241,Frederico,Marmyon,fmarmyon6o@usnews.com,Male,220.163.199.242
242,Almeria,Pagden,apagden6p@bigcartel.com,Female,23.16.210.68
243,Brooks,Esson,besson6q@economist.com,Male,27.75.166.15
244,Lesya,Cordaroy,lcordaroy6r@dion.ne.jp,Female,112.221.209.22
245,Teddy,Drysdall,tdrysdall6s@eepurl.com,Male,197.226.220.214
246,Bonnibelle,Zeplin,bzeplin6t@reuters.com,Female,127.132.215.123
247,Urbano,Jellybrand,ujellybrand6u@bing.com,Male,40.55.236.228
248,Thornton,Hedney,thedney6v@plala.or.jp,Male,120.26.56.3
249,Ursola,Grayley,ugrayley6w@e-recht24.de,Female,98.182.197.218
250,Lief,Lawless,llawless6x@google.com.au,Male,108.169.180.174
251,Darrin,Dripp,ddripp6y@freewebs.com,Male,59.116.168.229
252,Analise,Ebbs,aebbs6z@ihg.com,Female,212.226.59.225
253,Lindsay,Dansken,ldansken70@sfgate.com,Female,248.163.195.63
254,Teodoor,Stronghill,tstronghill71@washingtonpost.com,Male,123.89.218.233
255,Ursulina,Coates,ucoates72@sciencedirect.com,Female,182.195.193.230
256,Lotte,Umbert,lumbert73@ca.gov,Female,211.60.44.21
257,Suzanna,Russ,sruss74@exblog.jp,Female,233.111.124.120
258,Jeremy,Hughlin,jhughlin75@aboutads.info,Male,156.107.224.38
259,Christian,Moylan,cmoylan76@thetimes.co.uk,Female,163.223.189.0
260,Odette,Harpin,oharpin77@gmpg.org,Female,239.159.31.86
261,Solomon,Dracksford,sdracksford78@statcounter.com,Male,154.157.128.207
262,Mart,Lugton,mlugton79@github.io,Male,6.43.112.103
263,Georgi,McCritchie,gmccritchie7a@shinystat.com,Male,115.199.226.149
264,Brantley,Brogini,bbrogini7b@123-reg.co.uk,Male,240.230.119.199
265,Lorita,Dahlback,ldahlback7c@reference.com,Female,132.250.142.73
266,Gaelan,Tringham,gtringham7d@merriam-webster.com,Male,193.150.129.121
267,Seumas,Wethered,swethered7e@histats.com,Male,234.115.207.68
268,Angelia,Noe,anoe7f@yelp.com,Female,185.95.131.16
269,Gamaliel,Beddon,gbeddon7g@wix.com,Male,13.110.109.96
270,Shelley,Denis,sdenis7h@cdbaby.com,Female,90.170.26.43
271,Lorraine,Clifton,lclifton7i@furl.net,Female,162.62.75.37
272,Sergio,Orans,sorans7j@cbslocal.com,Male,251.235.70.149
273,Davina,Ertelt,dertelt7k@nifty.com,Female,225.200.99.32
274,Helli,Meryett,hmeryett7l@yale.edu,Female,16.156.86.73
275,Nadia,Ingle,ningle7m@mayoclinic.com,Female,58.64.203.53
276,Ki,Houselee,khouselee7n@netscape.com,Female,41.69.144.68
277,Charity,Erratt,cerratt7o@techcrunch.com,Female,68.84.76.126
278,Mord,Cordell,mcordell7p@huffingtonpost.com,Male,115.23.16.43
279,Onida,Crumley,ocrumley7q@newyorker.com,Female,64.214.153.236
280,Edouard,Strettell,estrettell7r@yelp.com,Male,201.158.199.141
281,Kimble,Frankham,kfrankham7s@nature.com,Male,98.28.81.114
282,Dave,McCulley,dmcculley7t@feedburner.com,Male,26.189.200.13
283,Pippo,Pescod,ppescod7u@ucoz.ru,Male,164.115.48.247
284,Alfonso,Maypother,amaypother7v@feedburner.com,Male,5.238.168.103
285,Rosene,Kempe,rkempe7w@latimes.com,Female,244.33.154.244
286,Eadith,Swanwick,eswanwick7x@friendfeed.com,Female,179.201.97.219
287,Warden,Macklam,wmacklam7y@unc.edu,Male,203.87.35.30
288,Betsey,Mation,bmation7z@deviantart.com,Female,79.21.132.227
289,Dorie,Poznan,dpoznan80@sohu.com,Male,184.215.155.204
290,Yvonne,Clacey,yclacey81@alibaba.com,Female,178.93.214.54
291,Patric,Lowde,plowde82@webeden.co.uk,Male,35.225.130.212
292,Morry,Ledwich,mledwich83@123-reg.co.uk,Male,207.141.245.16
293,Leeland,Folkes,lfolkes84@webeden.co.uk,Male,174.115.80.231
294,Lani,Children,lchildren85@sciencedirect.com,Female,119.32.28.161
295,Gabriell,Pre,gpre86@hhs.gov,Female,6.164.68.194
296,Janeczka,Hassur,jhassur87@skyrock.com,Female,218.132.59.249
297,Frieda,Wrathmell,fwrathmell88@fema.gov,Female,60.200.13.127
298,Christa,Tong,ctong89@intel.com,Female,136.48.195.88
299,Orbadiah,Bratcher,obratcher8a@noaa.gov,Male,117.215.245.233
300,Dorolice,Yallop,dyallop8b@aol.com,Female,127.211.76.243
301,Deborah,Fluger,dfluger8c@altervista.org,Female,65.41.128.60
302,Pearla,Cyseley,pcyseley8d@ibm.com,Female,188.250.20.88
303,Kitti,Premble,kpremble8e@123-reg.co.uk,Female,63.204.10.147
304,Ola,Cooper,ocooper8f@goo.ne.jp,Female,70.119.182.235
305,Denny,Gotcher,dgotcher8g@sciencedaily.com,Male,43.118.30.55
306,Haroun,Jeenes,hjeenes8h@accuweather.com,Male,196.219.103.75
307,Licha,Hutson,lhutson8i@princeton.edu,Female,105.168.74.186
308,Lyndy,Slyne,lslyne8j@google.com.au,Female,24.112.123.219
309,Caryl,Tallent,ctallent8k@e-recht24.de,Male,10.250.139.231
310,Allie,Tremontana,atremontana8l@sun.com,Female,137.229.158.147
311,Orbadiah,Askell,oaskell8m@ucoz.com,Male,54.81.74.184
312,Erny,Ghidetti,eghidetti8n@clickbank.net,Male,149.17.155.154
313,Dinny,Gligoraci,dgligoraci8o@nature.com,Female,1.221.174.190
314,Belvia,Sabathe,bsabathe8p@ted.com,Female,246.137.162.81
315,Darlleen,Dowling,ddowling8q@hc360.com,Female,160.189.229.245
316,Conn,Kalb,ckalb8r@boston.com,Male,239.204.176.157
317,Byram,Swaite,bswaite8s@archive.org,Male,211.68.13.211
318,Augy,Stean,astean8t@sourceforge.net,Male,0.172.85.46
319,Ermengarde,Govan,egovan8u@scientificamerican.com,Female,127.255.95.221
320,Iolanthe,Grestie,igrestie8v@booking.com,Female,101.68.161.248
321,Noreen,Tolson,ntolson8w@diigo.com,Female,20.122.53.88
322,Sonnie,Rucklidge,srucklidge8x@ox.ac.uk,Female,118.54.211.185
323,Tanner,Probin,tprobin8y@dropbox.com,Male,21.64.44.144
324,Flo,Pimblotte,fpimblotte8z@miitbeian.gov.cn,Female,20.245.96.129
325,Verne,McDonell,vmcdonell90@vistaprint.com,Male,88.185.215.236
326,Dorry,Boate,dboate91@cloudflare.com,Female,147.111.230.243
327,Brew,Penberthy,bpenberthy92@google.co.uk,Male,60.47.46.111
328,Judas,Spinozzi,jspinozzi93@ca.gov,Male,200.43.150.43
329,Gaven,O'Hagirtie,gohagirtie94@blogtalkradio.com,Male,156.221.47.13
330,Norma,Rennix,nrennix95@spiegel.de,Female,69.128.5.177
331,Siward,Twyning,stwyning96@harvard.edu,Male,34.218.176.185
332,Rodge,Vautrey,rvautrey97@unesco.org,Male,51.226.145.69
333,Ely,Swinyard,eswinyard98@wufoo.com,Male,190.19.238.209
334,Courtney,Davydzenko,cdavydzenko99@ehow.com,Female,151.110.212.104
335,Ward,Culmer,wculmer9a@ca.gov,Male,78.88.125.177
336,Man,Moxson,mmoxson9b@epa.gov,Male,228.14.216.223
337,Nickolai,Welfair,nwelfair9c@unc.edu,Male,5.184.144.115
338,Jacqui,Roubert,jroubert9d@example.com,Female,251.151.158.65
339,Felicia,Roughsedge,froughsedge9e@squidoo.com,Female,233.127.248.184
340,Katalin,Martschke,kmartschke9f@ucoz.ru,Female,86.97.72.222
341,Neille,Thackston,nthackston9g@slideshare.net,Female,168.23.122.75
342,Rockie,Tomek,rtomek9h@spotify.com,Male,113.183.202.165
343,Germain,Pressman,gpressman9i@dmoz.org,Male,33.225.214.232
344,Cherri,Rottenbury,crottenbury9j@phpbb.com,Female,43.209.254.124
345,Mil,Hambribe,mhambribe9k@chronoengine.com,Female,2.192.83.62
346,Elie,Eby,eeby9l@mit.edu,Female,240.140.164.49
347,Ario,Jansson,ajansson9m@ehow.com,Male,111.55.87.82
348,Worden,Alpe,walpe9n@bing.com,Male,120.31.218.7
349,Lindsey,Darleston,ldarleston9o@studiopress.com,Female,124.87.183.237
350,Florinda,Bennedick,fbennedick9p@time.com,Female,205.84.167.137
351,Esther,Tillerton,etillerton9q@europa.eu,Female,100.157.29.197
352,Tarra,Ryle,tryle9r@hatena.ne.jp,Female,104.118.0.177
353,Olva,Passe,opasse9s@google.it,Female,167.37.23.107
354,Verney,Hodgin,vhodgin9t@yolasite.com,Male,230.98.216.178
355,Babbette,De Carlo,bdecarlo9u@discuz.net,Female,234.119.172.232
356,Evelyn,Stiles,estiles9v@google.com.au,Male,73.146.109.166
357,Jamie,Jerok,jjerok9w@mtv.com,Female,24.207.181.152
358,Morgan,Doogan,mdoogan9x@cbsnews.com,Female,83.224.249.193
359,Marlon,Ottee,mottee9y@shop-pro.jp,Male,6.2.195.250
360,Carena,Holson,cholson9z@nba.com,Female,223.222.227.171
361,Waylan,Brokenshaw,wbrokenshawa0@163.com,Male,203.238.48.215
362,Merlina,Wortley,mwortleya1@nydailynews.com,Female,168.130.155.207
363,Hailee,Silveston,hsilvestona2@goodreads.com,Female,46.190.247.236
364,Ardath,Langridge,alangridgea3@fc2.com,Female,101.57.144.179
365,Christa,Crookston,ccrookstona4@canalblog.com,Female,4.56.154.34
366,Gavin,Callington,gcallingtona5@samsung.com,Male,209.190.16.185
367,Ford,Harms,fharmsa6@wikimedia.org,Male,97.47.1.233
368,Florie,Tirkin,ftirkina7@cisco.com,Female,70.190.9.163
369,Enriqueta,Anan,eanana8@plala.or.jp,Female,205.108.34.4
370,Lola,Batho,lbathoa9@prlog.org,Female,162.43.194.52
371,Pierre,Langmuir,plangmuiraa@liveinternet.ru,Male,191.36.33.7
372,Rochell,Onraet,ronraetab@themeforest.net,Female,156.111.125.152
373,Noell,Bardill,nbardillac@flavors.me,Female,147.240.27.84
374,Trevor,Huske,thuskead@samsung.com,Male,88.100.251.244
375,Marlon,Morfield,mmorfieldae@issuu.com,Male,172.86.32.80
376,Domeniga,Mawd,dmawdaf@shop-pro.jp,Female,238.5.23.219
377,Tyrone,Maguire,tmaguireag@comcast.net,Male,77.44.149.62
378,Holly,Marshall,hmarshallah@slideshare.net,Male,192.76.48.34
379,Frederigo,Shee,fsheeai@gravatar.com,Male,31.163.182.97
380,Jerrylee,Huddy,jhuddyaj@oaic.gov.au,Female,233.154.76.220
381,Nicolais,Raleston,nralestonak@uiuc.edu,Male,254.48.186.132
382,Herby,Daine,hdaineal@cpanel.net,Male,173.189.0.50
383,Torie,Bonelle,tbonelleam@jigsy.com,Female,112.22.154.115
384,Bealle,McGrudder,bmcgrudderan@globo.com,Male,27.97.139.195
385,Dell,Myerscough,dmyerscoughao@weebly.com,Male,110.90.170.168
386,Sorcha,Hailey,shaileyap@scientificamerican.com,Female,173.181.178.112
387,Lyndsie,Mullins,lmullinsaq@ning.com,Female,212.175.245.228
388,Wilek,Formie,wformiear@marketwatch.com,Male,50.235.110.165
389,Dorisa,Vannoort,dvannoortas@constantcontact.com,Female,145.11.30.160
390,Minne,Huegett,mhuegettat@abc.net.au,Female,55.93.16.221
391,Kip,Lisciandri,klisciandriau@adobe.com,Female,225.151.180.26
392,Lynea,Rodda,lroddaav@jimdo.com,Female,188.81.29.234
393,Si,Essberger,sessbergeraw@google.ca,Male,69.147.55.155
394,Martino,Besson,mbessonax@bandcamp.com,Male,243.11.205.63
395,Hersch,Asgodby,hasgodbyay@nbcnews.com,Male,238.44.187.226
396,Byrann,Abbison,babbisonaz@addthis.com,Male,49.31.166.4
397,Dean,Sarra,dsarrab0@va.gov,Male,85.29.210.11
398,Isabella,Macci,imaccib1@cnbc.com,Female,73.50.26.140
399,Baxy,Pitkin,bpitkinb2@netscape.com,Male,9.45.164.151
400,Constantin,Ronald,cronaldb3@ning.com,Male,237.156.73.215
401,Meggie,Brankley,mbrankleyb4@shutterfly.com,Female,4.10.197.168
402,Winnah,Pontin,wpontinb5@soup.io,Female,135.245.109.159
403,Roosevelt,Pryce,rpryceb6@1und1.de,Male,182.181.130.21
404,Lazare,Cholonin,lcholoninb7@dailymotion.com,Male,185.45.91.183
405,Wallis,Spuffard,wspuffardb8@shop-pro.jp,Female,29.115.118.186
406,Bobinette,Caswall,bcaswallb9@elpais.com,Female,190.123.67.235
407,Riccardo,Verdie,rverdieba@mail.ru,Male,14.168.78.88
408,Bobby,Atwel,batwelbb@mysql.com,Female,250.48.226.59
409,Fidel,Siggery,fsiggerybc@amazon.de,Male,108.207.98.76
410,Brianna,Foulsham,bfoulshambd@ezinearticles.com,Female,66.114.63.167
411,Ilene,Eusden,ieusdenbe@yale.edu,Female,200.225.221.94
412,Sally,Gather,sgatherbf@feedburner.com,Female,238.22.215.156
413,Hamid,Boutwell,hboutwellbg@fc2.com,Male,203.146.80.171
414,Luke,Becconsall,lbecconsallbh@t.co,Male,157.178.212.39
415,Daisy,De Francesco,ddefrancescobi@multiply.com,Female,111.189.192.203
416,Upton,MacCafferky,umaccafferkybj@blogs.com,Male,183.239.28.39
417,Gertrude,Nunes Nabarro,gnunesnabarrobk@comcast.net,Female,53.248.43.125
418,Riki,Lutz,rlutzbl@weebly.com,Female,144.246.237.200
419,Irvin,Archibould,iarchibouldbm@home.pl,Male,66.203.148.215
420,Dillie,Preon,dpreonbn@cnbc.com,Male,52.165.105.111
421,Amber,Blacklock,ablacklockbo@yale.edu,Female,209.22.68.67
422,Roman,Earles,rearlesbp@apache.org,Male,44.129.52.44
423,Hew,Klehn,hklehnbq@cam.ac.uk,Male,114.175.28.16
424,Lorraine,Stanislaw,lstanislawbr@netscape.com,Female,108.104.226.55
425,Vlad,Getsham,vgetshambs@wikia.com,Male,138.141.202.183
426,Goldarina,Mibourne,gmibournebt@godaddy.com,Female,162.15.8.4
427,Bette-ann,Simonnet,bsimonnetbu@jiathis.com,Female,32.175.76.184
428,Vivianna,Noddle,vnoddlebv@oakley.com,Female,198.85.238.210
429,Care,Cadge,ccadgebw@bloglines.com,Male,12.96.251.236
430,Zaneta,Trenaman,ztrenamanbx@baidu.com,Female,142.103.115.96
431,Drugi,Ellsworthe,dellswortheby@huffingtonpost.com,Male,95.137.230.155
432,Gilda,Ronaghan,gronaghanbz@zdnet.com,Female,36.1.210.205
433,Wilmar,Greenhowe,wgreenhowec0@blogspot.com,Male,177.156.183.128
434,Englebert,Dielhenn,edielhennc1@ow.ly,Male,39.14.165.93
435,Giorgi,Bainbrigge,gbainbriggec2@yandex.ru,Male,64.70.144.176
436,Artair,Wreiford,awreifordc3@amazon.de,Male,21.136.156.55
437,Trudey,Swyer,tswyerc4@narod.ru,Female,32.36.84.221
438,Chrystal,Klink,cklinkc5@mtv.com,Female,190.56.80.220
439,Enos,Lys,elysc6@biblegateway.com,Male,202.222.71.205
440,Jock,Conochie,jconochiec7@microsoft.com,Male,19.142.209.199
441,Ami,Bambury,abamburyc8@infoseek.co.jp,Female,114.6.193.133
442,Elmer,Gatenby,egatenbyc9@timesonline.co.uk,Male,181.8.151.68
443,Aube,Gailor,agailorca@odnoklassniki.ru,Male,168.174.139.115
444,Ingrim,Eldrid,ieldridcb@clickbank.net,Male,95.42.124.133
445,Itch,Blitz,iblitzcc@techcrunch.com,Male,122.219.80.69
446,Berky,Ternouth,bternouthcd@wiley.com,Male,120.104.188.37
447,Berni,Faunt,bfauntce@facebook.com,Female,108.49.117.91
448,Bridget,Bjorkan,bbjorkancf@unicef.org,Female,164.45.255.210
449,Archie,Whapples,awhapplescg@ibm.com,Male,7.111.146.179
450,Georgeanne,Dumbarton,gdumbartonch@wufoo.com,Female,146.205.158.128
451,Sheff,Radbourn,sradbournci@histats.com,Male,27.251.196.155
452,Dorolice,Crasford,dcrasfordcj@salon.com,Female,107.74.137.38
453,Tatum,Bartolommeo,tbartolommeock@plala.or.jp,Female,59.203.230.77
454,Leontine,Darlaston,ldarlastoncl@ftc.gov,Female,113.199.243.177
455,Barri,Rabl,brablcm@bizjournals.com,Male,176.65.126.93
456,Samuel,Domegan,sdomegancn@nytimes.com,Male,91.45.99.11
457,Roland,Foxley,rfoxleyco@mit.edu,Male,84.218.154.39
458,Misha,McQuaid,mmcquaidcp@pbs.org,Female,58.177.93.148
459,Ferd,Lamacraft,flamacraftcq@cdbaby.com,Male,121.141.19.113
460,Kamillah,Hegg,kheggcr@omniture.com,Female,35.152.67.240
461,Rog,Skerman,rskermancs@mlb.com,Male,196.183.46.147
462,Caresse,Goranov,cgoranovct@dagondesign.com,Female,172.242.175.142
463,Aleda,Lording,alordingcu@rakuten.co.jp,Female,96.151.174.118
464,Alexandrina,Rikard,arikardcv@youtu.be,Female,69.161.39.40
465,Marjory,de Pinna,mdepinnacw@is.gd,Female,36.197.84.34
466,Marcille,Rowthorn,mrowthorncx@google.com,Female,215.174.116.166
467,Stephenie,Fernando,sfernandocy@flickr.com,Female,5.99.181.228
468,Sebastiano,Calcut,scalcutcz@va.gov,Male,191.112.91.217
469,Waite,McCusker,wmccuskerd0@typepad.com,Male,169.218.219.50
470,Laurent,Conring,lconringd1@topsy.com,Male,180.138.1.105
471,Tori,McAuley,tmcauleyd2@tmall.com,Female,111.211.37.16
472,Alexander,Jeanequin,ajeanequind3@bloglines.com,Male,52.208.95.222
473,Karita,Bowden,kbowdend4@etsy.com,Female,11.141.234.2
474,Jenda,Drain,jdraind5@mozilla.com,Female,42.147.212.37
475,Hannah,Verecker,hvereckerd6@hubpages.com,Female,18.2.78.251
476,Moore,Benzing,mbenzingd7@artisteer.com,Male,50.97.1.110
477,Mavra,Bullerwell,mbullerwelld8@skyrock.com,Female,98.5.156.159
478,Sharon,Letherbury,sletherburyd9@ted.com,Female,33.149.218.129
479,Andris,Semble,asembleda@utexas.edu,Male,209.103.215.154
480,Ellerey,Suff,esuffdb@joomla.org,Male,184.200.6.225
481,Casie,Boast,cboastdc@sphinn.com,Female,120.226.0.61
482,Dido,Poynton,dpoyntondd@timesonline.co.uk,Female,128.7.50.208
483,Meade,Goublier,mgoublierde@wisc.edu,Female,80.231.207.249
484,Rawley,Alekseev,ralekseevdf@soup.io,Male,207.184.131.87
485,Averill,Claypole,aclaypoledg@reference.com,Male,45.22.32.121
486,Georgette,Hebborn,ghebborndh@patch.com,Female,147.40.230.241
487,Catie,Corker,ccorkerdi@hibu.com,Female,178.163.231.236
488,Patric,Ryton,prytondj@goodreads.com,Male,63.105.227.137
489,Marylynne,Martugin,mmartugindk@cornell.edu,Female,175.171.61.248
490,Lark,Brimilcombe,lbrimilcombedl@globo.com,Female,221.146.234.169
491,Herta,Wastie,hwastiedm@wunderground.com,Female,203.180.185.249
492,Liesa,Hamshar,lhamshardn@tinyurl.com,Female,32.196.43.179
493,Zachery,Harrild,zharrilddo@howstuffworks.com,Male,232.214.236.118
494,Errick,Itzak,eitzakdp@sciencedaily.com,Male,96.107.86.154
495,Redford,Calafato,rcalafatodq@omniture.com,Male,77.136.192.164
496,Garwin,Rodenburg,grodenburgdr@indiegogo.com,Male,225.198.206.184
497,Ganny,Siccombe,gsiccombeds@exblog.jp,Male,138.83.136.25
498,Manny,Charnley,mcharnleydt@ocn.ne.jp,Male,59.224.111.63
499,Millisent,Horsewood,mhorsewooddu@cnbc.com,Female,216.212.61.245
500,Chicky,Jotham,cjothamdv@cbslocal.com,Female,97.172.89.173
501,Cob,Hawthorne,chawthornedw@pinterest.com,Male,122.87.159.64
502,Molli,Brocklesby,mbrocklesbydx@wunderground.com,Female,115.168.34.157
503,Calida,Radbond,cradbonddy@examiner.com,Female,12.11.236.120
504,Nichole,Smallshaw,nsmallshawdz@usnews.com,Female,42.65.50.74
505,Lemmie,Humberstone,lhumberstonee0@upenn.edu,Male,248.0.123.171
506,Bunni,Livezey,blivezeye1@myspace.com,Female,67.236.94.101
507,Beverlee,Kennifeck,bkennifecke2@bizjournals.com,Female,117.163.65.10
508,Gustaf,Dowyer,gdowyere3@twitpic.com,Male,16.136.132.65
509,Eberhard,Greenmon,egreenmone4@technorati.com,Male,176.36.122.247
510,Rivi,Annatt,rannatte5@nytimes.com,Female,180.203.80.9
511,Gerick,Braidman,gbraidmane6@archive.org,Male,31.145.52.235
512,Archy,Lune,alunee7@netvibes.com,Male,103.175.201.215
513,Cirstoforo,Steckings,csteckingse8@xrea.com,Male,21.197.163.17
514,Fran,Garvan,fgarvane9@mayoclinic.com,Female,179.157.241.216
515,Adriano,Bugg,abuggea@miibeian.gov.cn,Male,121.193.221.222
516,Yehudit,Spybey,yspybeyeb@cmu.edu,Male,51.201.18.29
517,Morton,Cowlishaw,mcowlishawec@rakuten.co.jp,Male,160.89.158.34
518,Margy,Sinderland,msinderlanded@squarespace.com,Female,208.169.204.185
519,Jerrine,Olley,jolleyee@bizjournals.com,Female,207.220.5.21
520,Ketti,Dadson,kdadsonef@istockphoto.com,Female,136.36.109.59
521,Elly,Gook,egookeg@google.fr,Female,206.185.230.80
522,Joanna,Liptrot,jliptroteh@cbsnews.com,Female,176.189.21.76
523,Christa,Kall,ckallei@loc.gov,Female,83.254.220.91
524,Jillie,Triplett,jtriplettej@cafepress.com,Female,73.119.109.170
525,Buddie,Drummond,bdrummondek@unesco.org,Male,23.219.206.132
526,Sherlocke,Mingotti,smingottiel@4shared.com,Male,168.122.128.188
527,Gunner,Napoleone,gnapoleoneem@live.com,Male,251.137.114.239
528,Sharron,Heberden,sheberdenen@kickstarter.com,Female,121.151.248.23
529,Sebastian,Burth,sburtheo@example.com,Male,103.155.60.76
530,Perice,Blampy,pblampyep@engadget.com,Male,48.140.245.79
531,Blake,Pogosian,bpogosianeq@salon.com,Female,237.35.241.47
532,Seamus,Bembridge,sbembridgeer@symantec.com,Male,124.225.173.52
533,Nikkie,Eagar,neagares@moonfruit.com,Female,249.194.247.102
534,Frederique,Sudy,fsudyet@independent.co.uk,Female,100.61.104.205
535,Even,Percy,epercyeu@smh.com.au,Male,230.179.109.180
536,Grove,Dods,gdodsev@newyorker.com,Male,229.118.216.73
537,Reggis,Braam,rbraamew@example.com,Male,127.188.14.111
538,Byron,Everex,beverexex@cnn.com,Male,182.234.95.98
539,Lonni,Mitchiner,lmitchinerey@squarespace.com,Female,184.144.112.167
540,Katha,Gaddes,kgaddesez@tripadvisor.com,Female,225.98.147.210
541,Ole,Roly,orolyf0@t-online.de,Male,132.116.113.51
542,Sandra,Asey,saseyf1@spotify.com,Female,124.177.35.142
543,Brocky,Vannini,bvanninif2@washington.edu,Male,171.5.85.131
544,Gaspard,Jouannot,gjouannotf3@reverbnation.com,Male,214.105.62.40
545,Morissa,Fulham,mfulhamf4@craigslist.org,Female,211.34.229.117
546,Leda,Beaconsall,lbeaconsallf5@deliciousdays.com,Female,216.48.100.200
547,Maurice,Ambrogioli,mambrogiolif6@fc2.com,Male,105.182.179.3
548,Aida,Gimbrett,agimbrettf7@webs.com,Female,42.246.169.76
549,Hallsy,Mart,hmartf8@wsj.com,Male,8.70.152.62
550,Lancelot,Schenkel,lschenkelf9@cnet.com,Male,242.204.102.164
551,Susanne,Sainer,ssainerfa@mit.edu,Female,65.66.209.57
552,June,Davidovits,jdavidovitsfb@cargocollective.com,Female,14.138.140.101
553,Maxi,Bartosch,mbartoschfc@vkontakte.ru,Female,206.77.164.98
554,Cirilo,Dudliston,cdudlistonfd@yellowbook.com,Male,176.127.38.39
555,Michel,Iredell,miredellfe@joomla.org,Male,54.97.52.160
556,Kellen,Rennebeck,krennebeckff@washingtonpost.com,Female,55.76.114.232
557,Flossi,Tough,ftoughfg@4shared.com,Female,185.33.247.212
558,Caterina,Dulwitch,cdulwitchfh@hud.gov,Female,54.96.125.4
559,Alix,Seakings,aseakingsfi@imageshack.us,Male,92.148.55.31
560,Tod,Goldsworthy,tgoldsworthyfj@thetimes.co.uk,Male,155.167.151.230
561,Cherie,Deme,cdemefk@accuweather.com,Female,123.137.157.158
562,Artair,Huegett,ahuegettfl@discovery.com,Male,99.249.162.241
563,Sharline,Raisher,sraisherfm@auda.org.au,Female,167.200.177.139
564,Lenci,Stennings,lstenningsfn@springer.com,Male,136.115.56.188
565,Roxane,Aldwich,raldwichfo@fc2.com,Female,66.54.95.179
566,Jodee,Wingatt,jwingattfp@yale.edu,Female,27.165.190.119
567,Constantia,Pevreal,cpevrealfq@printfriendly.com,Female,197.114.238.113
568,Abbe,Pummell,apummellfr@buzzfeed.com,Male,166.36.171.239
569,Allianora,Allright,aallrightfs@netscape.com,Female,190.99.186.83
570,Karyl,Arbor,karborft@ted.com,Female,6.144.199.9
571,Fairleigh,Benham,fbenhamfu@amazon.com,Male,186.235.249.87
572,Marti,Berston,mberstonfv@mac.com,Female,87.161.34.156
573,Filberto,Lowcock,flowcockfw@hp.com,Male,105.224.39.221
574,Paulina,Von Gladbach,pvongladbachfx@squarespace.com,Female,130.9.91.178
575,Ambros,Huyhton,ahuyhtonfy@washingtonpost.com,Male,120.237.56.228
576,Hazel,Barlass,hbarlassfz@hud.gov,Male,162.22.58.123
577,Gene,Johnston,gjohnstong0@cisco.com,Male,205.135.140.113
578,Cassandra,Coverdale,ccoverdaleg1@sohu.com,Female,144.18.225.5
579,Arlena,Sayre,asayreg2@columbia.edu,Female,69.58.19.118
580,Johnny,Hefner,jhefnerg3@businessinsider.com,Male,106.22.45.150
581,Lissy,Capozzi,lcapozzig4@shutterfly.com,Female,108.16.76.216
582,Bruce,Boughtflower,bboughtflowerg5@rediff.com,Male,23.159.29.197
583,Cullen,Bea,cbeag6@drupal.org,Male,21.157.14.0
584,Nike,Franzke,nfranzkeg7@wikia.com,Female,115.140.232.211
585,Giff,Kellaway,gkellawayg8@oracle.com,Male,32.81.69.17
586,Lonnie,Gilbanks,lgilbanksg9@google.com.au,Female,29.92.171.236
587,Randy,Badland,rbadlandga@skype.com,Male,187.41.118.247
588,Liliane,Kattenhorn,lkattenhorngb@google.nl,Female,165.189.68.130
589,Nixie,Thorby,nthorbygc@clickbank.net,Female,214.160.101.45
590,Ignaz,Pentycross,ipentycrossgd@tuttocitta.it,Male,237.51.224.217
591,Melloney,Gillow,mgillowge@wix.com,Female,243.112.116.245
592,Joleen,Lawman,jlawmangf@ox.ac.uk,Female,153.211.223.200
593,Perren,Rapkins,prapkinsgg@wunderground.com,Male,9.49.26.173
594,Alvan,Levick,alevickgh@amazonaws.com,Male,18.31.135.178
595,Nan,Brawson,nbrawsongi@google.de,Female,38.143.192.154
596,Mikkel,Leander,mleandergj@yellowbook.com,Male,128.50.128.63
597,Marna,Pablo,mpablogk@ca.gov,Female,17.220.81.174
598,Brunhilda,Rault,braultgl@umn.edu,Female,192.60.140.87
599,Dionne,Littlepage,dlittlepagegm@alexa.com,Female,36.180.136.243
600,Vere,Bownde,vbowndegn@nifty.com,Female,195.150.41.148
601,Diego,Bett,dbettgo@histats.com,Male,175.191.137.17
602,Bernardine,Buscher,bbuschergp@sbwire.com,Female,177.241.140.113
603,Bernard,Benitez,bbenitezgq@wikispaces.com,Male,53.139.93.87
604,Basilius,Varley,bvarleygr@nifty.com,Male,154.81.200.76
605,Blake,Derington,bderingtongs@ftc.gov,Female,219.48.246.211
606,Kacie,Duval,kduvalgt@purevolume.com,Female,223.64.206.240
607,Denver,Spreckley,dspreckleygu@bloomberg.com,Male,216.75.12.72
608,Morgen,Crampton,mcramptongv@paginegialle.it,Female,163.49.230.195
609,See,Bigham,sbighamgw@imdb.com,Male,96.11.137.227
610,Lyon,Walesby,lwalesbygx@hud.gov,Male,98.188.84.242
611,Maryanna,MacDunlevy,mmacdunlevygy@mozilla.com,Female,204.93.107.162
612,Nevin,Fowler,nfowlergz@ow.ly,Male,23.137.77.7
613,Lelah,Bissiker,lbissikerh0@g.co,Female,195.73.47.8
614,Early,Catlow,ecatlowh1@ibm.com,Male,1.226.146.183
615,Nelli,Toby,ntobyh2@barnesandnoble.com,Female,37.237.136.73
616,Edna,Phibb,ephibbh3@infoseek.co.jp,Female,186.197.181.159
617,Lona,Nornasell,lnornasellh4@bluehost.com,Female,197.38.153.246
618,Lauren,Suff,lsuffh5@nydailynews.com,Female,212.47.48.232
619,Lulu,Barthelemy,lbarthelemyh6@unesco.org,Female,134.101.180.132
620,Gery,Haldane,ghaldaneh7@google.nl,Male,214.171.218.10
621,Jemmy,Isbell,jisbellh8@cnn.com,Female,43.58.222.152
622,Krystal,MacCheyne,kmaccheyneh9@booking.com,Female,87.49.202.247
623,Penny,Cowpland,pcowplandha@cnbc.com,Female,202.177.62.114
624,Virge,Klejin,vklejinhb@nymag.com,Male,187.208.168.51
625,Silvano,De Pietri,sdepietrihc@so-net.ne.jp,Male,87.49.212.183
626,Emmy,MacIlriach,emacilriachhd@digg.com,Male,143.17.238.201
627,Justus,Lyburn,jlyburnhe@yandex.ru,Male,238.6.138.39
628,Agretha,Jancar,ajancarhf@gmpg.org,Female,172.225.201.187
629,Sasha,Siemantel,ssiemantelhg@gmpg.org,Female,221.181.174.206
630,Shalna,Brandes,sbrandeshh@ebay.co.uk,Female,55.251.109.167
631,Konrad,Symper,ksymperhi@geocities.jp,Male,158.130.89.70
632,Orelia,Speechly,ospeechlyhj@wunderground.com,Female,244.61.231.53
633,Nil,McParlin,nmcparlinhk@amazon.com,Male,131.5.99.89
634,Abbie,Nortunen,anortunenhl@archive.org,Female,99.143.189.211
635,Jocko,Blodget,jblodgethm@dagondesign.com,Male,34.191.10.116
636,Hillary,Lodeke,hlodekehn@cloudflare.com,Female,167.85.237.153
637,Kevan,Abrahams,kabrahamsho@intel.com,Male,36.39.37.148
638,Garrott,Boggon,gboggonhp@goodreads.com,Male,79.138.214.67
639,Filmore,Sibray,fsibrayhq@topsy.com,Male,229.41.47.197
640,Peter,Labbet,plabbethr@state.tx.us,Male,227.159.29.185
641,Elvina,Lamperd,elamperdhs@usgs.gov,Female,225.147.188.53
642,Sheelah,O'Fallowne,sofallowneht@theatlantic.com,Female,152.206.137.207
643,Sayres,Hoble,shoblehu@sitemeter.com,Male,155.4.220.56
644,Liane,Ewings,lewingshv@ca.gov,Female,243.158.188.2
645,Neron,Bollom,nbollomhw@jimdo.com,Male,203.96.71.116
646,Pamella,Hubbart,phubbarthx@vk.com,Female,28.94.252.46
647,Neile,Derobert,nderoberthy@g.co,Female,128.1.85.227
648,Serge,Thomen,sthomenhz@mysql.com,Male,203.243.62.192
649,Gordy,Bentsen,gbentseni0@amazon.de,Male,61.220.96.165
650,Lindy,Glayzer,lglayzeri1@t.co,Female,182.181.194.60
651,Clio,Gorton,cgortoni2@themeforest.net,Female,53.78.153.59
652,Gustavo,Massy,gmassyi3@chronoengine.com,Male,109.56.227.85
653,Nealon,Molloy,nmolloyi4@skyrock.com,Male,64.192.95.98
654,Sandra,Elcoate,selcoatei5@scribd.com,Female,92.67.53.215
655,Ilse,Cabral,icabrali6@nsw.gov.au,Female,202.42.81.235
656,Andros,Licciardello,alicciardelloi7@sciencedaily.com,Male,114.214.21.77
657,Danielle,Hankinson,dhankinsoni8@blinklist.com,Female,203.161.235.100
658,Victoria,Whate,vwhatei9@irs.gov,Female,116.14.13.136
659,Kippie,Champniss,kchampnissia@seattletimes.com,Male,160.70.71.68
660,Rikki,Clothier,rclothierib@eepurl.com,Male,71.219.150.152
661,Udale,Brown,ubrownic@fc2.com,Male,172.29.212.250
662,Eula,Mostyn,emostynid@cpanel.net,Female,122.195.227.116
663,Elissa,Wadley,ewadleyie@nydailynews.com,Female,16.216.85.136
664,Nikolia,Rasper,nrasperif@blogger.com,Female,111.143.199.161
665,Kinny,Maccrie,kmaccrieig@vk.com,Male,99.239.163.206
666,Annora,Skilbeck,askilbeckih@pbs.org,Female,128.195.121.109
667,Etan,MacMeanma,emacmeanmaii@g.co,Male,59.33.204.227
668,Charlene,Daverin,cdaverinij@newsvine.com,Female,243.138.91.254
669,Fransisco,Fumagalli,ffumagalliik@fema.gov,Male,130.146.205.195
670,Jinny,Farndell,jfarndellil@boston.com,Female,182.247.134.204
671,Perren,Martyns,pmartynsim@indiegogo.com,Male,80.190.222.115
672,Tally,Fabry,tfabryin@kickstarter.com,Male,196.37.148.253
673,Kirsten,Pearson,kpearsonio@domainmarket.com,Female,242.227.203.201
674,Mirabella,Knevet,mknevetip@vistaprint.com,Female,131.186.200.57
675,Dreddy,Tebbett,dtebbettiq@bandcamp.com,Female,77.1.54.108
676,Gerard,Kline,gklineir@xinhuanet.com,Male,193.201.124.249
677,Hershel,Rattery,hratteryis@google.cn,Male,50.233.250.90
678,Koralle,Boffin,kboffinit@xinhuanet.com,Female,199.93.95.100
679,Conroy,Horley,chorleyiu@reuters.com,Male,65.228.154.180
680,Stephie,Rooney,srooneyiv@time.com,Female,14.96.53.228
681,Kareem,Poizer,kpoizeriw@spiegel.de,Male,151.47.220.202
682,Haven,Marchenko,hmarchenkoix@mit.edu,Male,219.27.178.72
683,Danna,Stirland,dstirlandiy@mtv.com,Female,236.240.210.109
684,Gian,Nabarro,gnabarroiz@moonfruit.com,Male,35.145.117.207
685,Germayne,Kydd,gkyddj0@gmpg.org,Male,12.176.197.194
686,Ursula,Jeannel,ujeannelj1@rakuten.co.jp,Female,200.158.72.12
687,Stevana,Clissold,sclissoldj2@msu.edu,Female,24.122.5.204
688,Boigie,Baldacco,bbaldaccoj3@ftc.gov,Male,15.161.200.66
689,Kipper,Wilcocke,kwilcockej4@hugedomains.com,Male,197.243.196.18
690,Florinda,Folomkin,ffolomkinj5@fastcompany.com,Female,144.121.213.196
691,Christina,Klimowski,cklimowskij6@businessweek.com,Female,163.66.126.253
692,Kurt,Noad,knoadj7@blogger.com,Male,114.163.75.172
693,Jory,Capon,jcaponj8@oakley.com,Male,185.12.212.243
694,Amabelle,Rydeard,arydeardj9@microsoft.com,Female,1.166.2.132
695,Eba,MacCumiskey,emaccumiskeyja@elpais.com,Female,158.199.58.189
696,Chuck,Dring,cdringjb@chron.com,Male,206.48.32.205
697,Chelsie,Colles,ccollesjc@ycombinator.com,Female,205.250.193.162
698,Fremont,Girsch,fgirschjd@twitter.com,Male,49.180.96.62
699,Waiter,Castangia,wcastangiaje@naver.com,Male,139.202.157.19
700,Arielle,Bratten,abrattenjf@boston.com,Female,148.75.171.37
701,Guinna,Runsey,grunseyjg@dion.ne.jp,Female,18.68.20.121
702,Cherry,Joisce,cjoiscejh@nasa.gov,Female,41.91.218.52
703,Moss,Jull,mjullji@microsoft.com,Male,246.6.54.218
704,Jobi,Luetkemeyers,jluetkemeyersjj@bbc.co.uk,Female,95.99.75.116
705,Charles,Doget,cdogetjk@huffingtonpost.com,Male,239.57.255.171
706,Barbee,Bofield,bbofieldjl@ucsd.edu,Female,223.240.247.225
707,Lizbeth,Kaley,lkaleyjm@si.edu,Female,129.5.179.45
708,Rhoda,Penvarden,rpenvardenjn@twitter.com,Female,239.192.192.91
709,Shandee,Rountree,srountreejo@apple.com,Female,131.9.114.57
710,Marsh,Brumhead,mbrumheadjp@mapquest.com,Male,202.188.172.52
711,Atlanta,Aikenhead,aaikenheadjq@issuu.com,Female,108.6.63.110
712,Thatch,Gheraldi,tgheraldijr@webmd.com,Male,92.248.183.50
713,Bond,Lancetter,blancetterjs@shop-pro.jp,Male,51.34.10.255
714,Leonerd,Melby,lmelbyjt@stumbleupon.com,Male,119.101.165.29
715,Dian,Mewes,dmewesju@deliciousdays.com,Female,210.91.43.161
716,Tait,Itshak,titshakjv@histats.com,Male,7.50.78.189
717,Devora,Hubball,dhubballjw@engadget.com,Female,185.246.29.68
718,Horst,Sandeford,hsandefordjx@blinklist.com,Male,171.205.47.221
719,Fiorenze,Ledwidge,fledwidgejy@51.la,Female,92.241.122.33
720,Ezra,Atchly,eatchlyjz@ow.ly,Male,55.84.118.134
721,Haze,Danielis,hdanielisk0@nymag.com,Male,23.74.199.23
722,Kristian,Creany,kcreanyk1@cisco.com,Male,242.39.3.7
723,Sena,Jukubczak,sjukubczakk2@histats.com,Female,55.223.41.19
724,Bartie,Sworn,bswornk3@goo.ne.jp,Male,186.1.64.128
725,Ruy,Robeson,rrobesonk4@is.gd,Male,139.58.235.217
726,Tildi,Leate,tleatek5@t.co,Female,103.246.245.51
727,Waylin,Van Velden,wvanveldenk6@slideshare.net,Male,48.151.169.103
728,Gwendolen,McOnie,gmconiek7@forbes.com,Female,79.96.93.249
729,Umberto,MacKessock,umackessockk8@wsj.com,Male,135.142.10.8
730,Darcy,Gencke,dgenckek9@mysql.com,Male,22.207.6.190
731,Emanuel,Haliday,ehalidayka@weather.com,Male,41.22.198.48
732,Jana,Skinner,jskinnerkb@odnoklassniki.ru,Female,45.225.17.68
733,Randolph,Kalisch,rkalischkc@nytimes.com,Male,4.9.110.244
734,Carlyle,Varley,cvarleykd@princeton.edu,Male,153.100.146.202
735,Ingamar,Yeates,iyeateske@fda.gov,Male,141.176.198.196
736,Rossie,Nesbitt,rnesbittkf@desdev.cn,Male,79.241.167.169
737,Lewiss,Haslen,lhaslenkg@4shared.com,Male,212.66.213.145
738,Arnaldo,Cuffin,acuffinkh@homestead.com,Male,177.139.130.87
739,Dionne,Almeida,dalmeidaki@myspace.com,Female,7.167.13.10
740,Charisse,Rastrick,crastrickkj@ftc.gov,Female,216.136.157.219
741,Jacques,Phettiplace,jphettiplacekk@blogspot.com,Male,122.215.38.69
742,Eduino,Frawley,efrawleykl@mapy.cz,Male,72.139.99.203
743,Zuzana,Crosfeld,zcrosfeldkm@lycos.com,Female,113.133.220.208
744,Nial,Harbottle,nharbottlekn@instagram.com,Male,99.106.247.147
745,Kate,Jobey,kjobeyko@mail.ru,Female,221.59.1.218
746,Kenn,Nund,knundkp@bizjournals.com,Male,98.218.156.177
747,Erhard,Drohane,edrohanekq@biglobe.ne.jp,Male,11.208.6.117
748,Lacy,Shanklin,lshanklinkr@businesswire.com,Female,226.224.250.216
749,Bonnie,Mushet,bmushetks@google.co.uk,Female,182.29.119.17
750,Rudyard,Iddenden,riddendenkt@instagram.com,Male,20.92.140.183
751,Antons,Maken,amakenku@dyndns.org,Male,181.35.149.175
752,Louie,Ferreira,lferreirakv@nih.gov,Male,32.149.248.236
753,Wandie,De Ath,wdeathkw@bravesites.com,Female,35.174.226.107
754,Irving,Lilywhite,ililywhitekx@google.com.au,Male,48.42.150.36
755,Sammy,Methven,smethvenky@imageshack.us,Female,56.11.239.171
756,Gwenny,Ondrus,gondruskz@accuweather.com,Female,40.70.249.16
757,Bonny,Confort,bconfortl0@washingtonpost.com,Female,163.35.209.143
758,Hedi,Garling,hgarlingl1@google.com.br,Female,21.76.1.51
759,Elwood,Holson,eholsonl2@yellowpages.com,Male,138.148.94.95
760,Gweneth,Vickar,gvickarl3@dagondesign.com,Female,230.48.23.14
761,John,Drust,jdrustl4@mail.ru,Male,53.149.3.230
762,Bronson,Brugemann,bbrugemannl5@mozilla.com,Male,144.42.100.87
763,Roselle,O'Dare,rodarel6@narod.ru,Female,141.96.137.224
764,Edvard,Halpeine,ehalpeinel7@blogger.com,Male,254.104.82.63
765,Magdalena,Tindle,mtindlel8@usatoday.com,Female,104.245.43.22
766,Monah,Vanezis,mvanezisl9@biglobe.ne.jp,Female,109.164.109.192
767,Cly,Sheepy,csheepyla@washington.edu,Male,126.35.64.204
768,Nikolas,Karolczyk,nkarolczyklb@newyorker.com,Male,221.32.57.149
769,Vincenty,Pena,vpenalc@hud.gov,Male,180.195.84.219
770,Cortney,O'Halloran,cohalloranld@pen.io,Female,209.217.128.244
771,Marjie,Hassen,mhassenle@google.ru,Female,125.242.160.95
772,Cordula,Shotbolt,cshotboltlf@moonfruit.com,Female,234.110.125.19
773,Marybelle,McCrow,mmccrowlg@slate.com,Female,220.198.97.27
774,Artus,Niave,aniavelh@umn.edu,Male,127.74.98.104
775,Winna,Rymmer,wrymmerli@un.org,Female,103.89.137.201
776,Belvia,Barthorpe,bbarthorpelj@storify.com,Female,133.147.175.233
777,Randell,Domican,rdomicanlk@mediafire.com,Male,6.216.247.141
778,Hamel,Hanshaw,hhanshawll@opera.com,Male,80.98.11.157
779,Anthiathia,Lawful,alawfullm@oaic.gov.au,Female,246.12.45.149
780,Immanuel,Hould,ihouldln@house.gov,Male,176.114.179.135
781,Gram,Bernardoux,gbernardouxlo@arstechnica.com,Male,120.12.181.156
782,Ross,Reijmers,rreijmerslp@hibu.com,Male,192.14.171.110
783,Mead,Crinkley,mcrinkleylq@cnet.com,Male,197.66.241.87
784,Biddy,Hradsky,bhradskylr@google.com.au,Female,120.207.230.248
785,Rey,Comford,rcomfordls@shutterfly.com,Female,106.170.165.59
786,Vachel,Brake,vbrakelt@ftc.gov,Male,132.237.203.105
787,Rubin,Ladbury,rladburylu@bloglines.com,Male,112.168.134.183
788,Eveleen,Bagot,ebagotlv@moonfruit.com,Female,214.90.89.227
789,Michaelina,Tabram,mtabramlw@technorati.com,Female,133.178.54.8
790,Sheri,Leacy,sleacylx@sogou.com,Female,219.137.93.114
791,Raviv,Backshall,rbackshallly@bloglines.com,Male,42.239.132.76
792,Marlow,Scutchin,mscutchinlz@vimeo.com,Male,8.68.42.197
793,Freddie,Lavis,flavism0@sun.com,Female,237.246.58.111
794,Jonas,Poetz,jpoetzm1@taobao.com,Male,224.64.178.185
795,Jeannine,Borgars,jborgarsm2@nih.gov,Female,213.205.118.109
796,Brannon,Stopps,bstoppsm3@cocolog-nifty.com,Male,105.39.208.144
797,Husein,Sutherley,hsutherleym4@discovery.com,Male,51.239.105.130
798,Sayre,Boon,sboonm5@cafepress.com,Male,60.108.18.213
799,Terese,Slides,tslidesm6@blogtalkradio.com,Female,177.193.198.74
800,Hynda,Hardway,hhardwaym7@freewebs.com,Female,189.14.151.107
801,Hanni,Dyers,hdyersm8@shop-pro.jp,Female,76.10.238.104
802,Lilli,Hayter,lhayterm9@skyrock.com,Female,175.172.219.62
803,Avrom,Armor,aarmorma@pagesperso-orange.fr,Male,151.77.199.192
804,Ora,Hartly,ohartlymb@home.pl,Female,239.3.36.210
805,Deloris,Rookledge,drookledgemc@people.com.cn,Female,208.221.150.171
806,Melanie,Pohlak,mpohlakmd@freewebs.com,Female,78.74.235.76
807,Clarence,Anderton,candertonme@delicious.com,Male,100.200.244.21
808,Forbes,Geaveny,fgeavenymf@google.co.uk,Male,164.142.250.191
809,Stearn,Burch,sburchmg@xinhuanet.com,Male,13.224.62.169
810,Shepherd,Gladebeck,sgladebeckmh@surveymonkey.com,Male,143.163.101.89
811,Diane-marie,Phlipon,dphliponmi@scribd.com,Female,254.171.31.219
812,Felicia,Pidon,fpidonmj@nymag.com,Female,123.224.18.25
813,Kailey,Rosenhaupt,krosenhauptmk@livejournal.com,Female,195.25.37.44
814,Carling,Poulton,cpoultonml@weibo.com,Male,59.78.47.223
815,Erin,Carruth,ecarruthmm@booking.com,Female,60.144.137.180
816,Thatch,Sedgeworth,tsedgeworthmn@army.mil,Male,85.154.18.103
817,Aurelea,Bradbeer,abradbeermo@devhub.com,Female,139.175.216.220
818,Claudette,Beeken,cbeekenmp@shutterfly.com,Female,73.102.14.36
819,Bernice,Magarrell,bmagarrellmq@1688.com,Female,241.52.104.171
820,Josias,Toms,jtomsmr@deviantart.com,Male,155.154.126.100
821,Lydon,Pendrick,lpendrickms@delicious.com,Male,240.202.210.209
822,Bran,Olivazzi,bolivazzimt@surveymonkey.com,Male,221.14.68.231
823,Nelia,Arndtsen,narndtsenmu@smugmug.com,Female,60.199.105.53
824,Jillian,Grogor,jgrogormv@meetup.com,Female,67.237.167.64
825,Remington,Eakley,reakleymw@harvard.edu,Male,255.222.81.240
826,Sianna,Laskey,slaskeymx@unicef.org,Female,211.38.109.253
827,Nessy,Rosewall,nrosewallmy@deviantart.com,Female,73.3.71.250
828,Dare,Appleby,dapplebymz@is.gd,Male,201.106.64.113
829,Ynez,Hartly,yhartlyn0@fc2.com,Female,179.59.251.210
830,Glenden,Hulse,ghulsen1@dedecms.com,Male,189.78.158.92
831,Reggie,Sicely,rsicelyn2@toplist.cz,Male,17.192.232.87
832,Winne,Loade,wloaden3@pagesperso-orange.fr,Female,25.205.218.49
833,Brendis,Wackly,bwacklyn4@dailymotion.com,Male,29.255.164.20
834,Angus,Olphert,aolphertn5@liveinternet.ru,Male,39.60.229.146
835,Tull,Strongitharm,tstrongitharmn6@google.com.au,Male,83.78.33.71
836,Georgetta,Tunaclift,gtunacliftn7@usda.gov,Female,53.116.118.174
837,Davin,Louisot,dlouisotn8@latimes.com,Male,112.65.148.53
838,Maison,Matuszinski,mmatuszinskin9@altervista.org,Male,113.19.203.142
839,Dick,Debling,ddeblingna@wufoo.com,Male,217.219.33.163
840,Marcelia,Godspede,mgodspedenb@spiegel.de,Female,117.180.61.57
841,Donn,Semerad,dsemeradnc@purevolume.com,Male,245.4.228.35
842,Lindsy,Strachan,lstrachannd@chicagotribune.com,Female,135.64.15.44
843,Ki,Kieff,kkieffne@sina.com.cn,Female,120.85.169.115
844,Odette,Baudacci,obaudaccinf@meetup.com,Female,153.99.165.37
845,Fredia,Shoebottom,fshoebottomng@businessinsider.com,Female,142.73.110.203
846,Turner,Wadesworth,twadesworthnh@theglobeandmail.com,Male,19.212.93.217
847,Nefen,Fownes,nfownesni@blogspot.com,Male,49.27.214.190
848,Emmerich,O'Kuddyhy,eokuddyhynj@answers.com,Male,78.34.71.36
849,Reggis,Gulland,rgullandnk@spotify.com,Male,110.153.188.43
850,Nanci,Rosedale,nrosedalenl@i2i.jp,Female,160.66.109.90
851,Neil,Blaase,nblaasenm@nbcnews.com,Male,60.92.19.36
852,Howey,Fitzpayn,hfitzpaynnn@opensource.org,Male,2.126.125.140
853,Birk,Leftwich,bleftwichno@microsoft.com,Male,205.206.213.150
854,Merell,Hazael,mhazaelnp@noaa.gov,Male,215.116.164.200
855,Barbette,Stelle,bstellenq@mapquest.com,Female,64.127.207.55
856,Gray,Paskerful,gpaskerfulnr@sina.com.cn,Male,47.81.202.34
857,Farand,McQuaid,fmcquaidns@oaic.gov.au,Female,153.252.128.9
858,Rosette,Grioli,rgriolint@moonfruit.com,Female,156.39.48.219
859,Giorgia,Happert,ghappertnu@wp.com,Female,105.4.31.64
860,Isadore,Prys,iprysnv@bloomberg.com,Male,67.209.74.121
861,Andi,Forgan,aforgannw@army.mil,Female,28.212.240.42
862,Cassaundra,D'Hooghe,cdhooghenx@china.com.cn,Female,145.243.181.99
863,Bryon,Bisson,bbissonny@dmoz.org,Male,221.62.234.140
864,Karlens,Wrotham,kwrothamnz@bloglines.com,Male,116.161.91.31
865,Kirby,Sigart,ksigarto0@microsoft.com,Female,246.120.50.177
866,Prentice,Wheadon,pwheadono1@ehow.com,Male,101.210.67.118
867,Bennie,Bellow,bbellowo2@europa.eu,Female,92.64.143.187
868,Linus,Ellams,lellamso3@baidu.com,Male,53.79.164.38
869,Margaux,Trevallion,mtrevalliono4@ca.gov,Female,70.145.74.215
870,Edan,Checcucci,echeccuccio5@ustream.tv,Male,16.19.82.148
871,Ermengarde,Meindl,emeindlo6@chron.com,Female,252.91.88.164
872,Radcliffe,Duny,rdunyo7@odnoklassniki.ru,Male,66.183.144.94
873,Hamish,Insull,hinsullo8@mozilla.com,Male,84.240.169.78
874,Bel,Wilden,bwildeno9@ebay.com,Female,225.56.4.122
875,Guthrey,Tidbold,gtidboldoa@bloomberg.com,Male,66.71.138.75
876,Shell,Farriar,sfarriarob@bandcamp.com,Male,255.147.97.126
877,Hall,Frammingham,hframminghamoc@jalbum.net,Male,116.183.64.161
878,Elias,Willsmore,ewillsmoreod@businessweek.com,Male,95.181.89.220
879,Hoyt,Esgate,hesgateoe@wunderground.com,Male,224.30.85.111
880,Rayna,Hatherley,rhatherleyof@europa.eu,Female,114.201.88.212
881,Ring,Joffe,rjoffeog@mayoclinic.com,Male,150.130.203.69
882,Rebecka,Ivel,riveloh@reuters.com,Female,17.184.39.205
883,Mandy,Hindrich,mhindrichoi@upenn.edu,Female,58.212.194.81
884,Kennie,Wise,kwiseoj@scientificamerican.com,Male,164.93.78.108
885,Graham,Mallinar,gmallinarok@uol.com.br,Male,187.19.203.39
886,Minne,Kennerknecht,mkennerknechtol@paypal.com,Female,217.33.101.37
887,Mina,Smewin,msmewinom@ow.ly,Female,80.251.32.26
888,Scott,Yannoni,syannonion@theatlantic.com,Male,252.239.224.55
889,Rita,Haskell,rhaskelloo@wordpress.org,Female,215.58.34.147
890,Frasier,Pantridge,fpantridgeop@yandex.ru,Male,21.118.249.15
891,Sargent,Petow,spetowoq@rakuten.co.jp,Male,223.55.214.223
892,Gordan,Aleksic,galeksicor@google.nl,Male,198.166.118.206
893,Minta,Shilladay,mshilladayos@123-reg.co.uk,Female,142.146.147.255
894,Teressa,Mahaddie,tmahaddieot@miitbeian.gov.cn,Female,134.114.243.143
895,Brooks,Rubinsaft,brubinsaftou@vinaora.com,Male,177.60.252.153
896,Ben,Stelli,bstelliov@ebay.com,Male,173.194.24.253
897,Martica,Speller,mspellerow@lulu.com,Female,99.242.71.117
898,Larissa,Hendricks,lhendricksox@slate.com,Female,241.195.59.240
899,Kym,Ratter,kratteroy@berkeley.edu,Female,67.206.70.205
900,Carline,Lawie,clawieoz@ifeng.com,Female,240.141.8.198
901,Izzy,Mogford,imogfordp0@skype.com,Male,22.157.107.54
902,Abbie,Cattlemull,acattlemullp1@sourceforge.net,Male,156.219.122.150
903,Tudor,Veelers,tveelersp2@liveinternet.ru,Male,65.217.61.255
904,Ludvig,Dunseith,ldunseithp3@vk.com,Male,128.176.146.19
905,Earlie,Airton,eairtonp4@comcast.net,Male,117.176.121.83
906,Kassandra,Reichartz,kreichartzp5@umich.edu,Female,234.243.15.207
907,Regina,Tanguy,rtanguyp6@unicef.org,Female,127.201.224.193
908,Olenolin,Baigent,obaigentp7@infoseek.co.jp,Male,125.211.248.55
909,Deanne,Mitton,dmittonp8@geocities.com,Female,81.134.249.251
910,Ivy,Josskoviz,ijosskovizp9@123-reg.co.uk,Female,166.177.62.197
911,Benedicta,Avison,bavisonpa@si.edu,Female,116.200.89.177
912,Carilyn,Hingeley,chingeleypb@kickstarter.com,Female,120.123.15.241
913,Stormy,Brightman,sbrightmanpc@apple.com,Female,11.178.186.178
914,Suki,Rogeon,srogeonpd@domainmarket.com,Female,145.41.244.191
915,Kali,Svanini,ksvaninipe@google.it,Female,49.230.185.48
916,Noami,Warrior,nwarriorpf@naver.com,Female,246.76.247.22
917,Lilian,Gaffon,lgaffonpg@senate.gov,Female,28.83.99.84
918,Neall,Harry,nharryph@printfriendly.com,Male,111.216.236.232
919,Kristian,Garham,kgarhampi@pen.io,Male,32.72.189.239
920,Onida,Shacklady,oshackladypj@acquirethisname.com,Female,138.130.0.101
921,Naomi,Sharply,nsharplypk@salon.com,Female,137.39.95.45
922,Ashlin,Offill,aoffillpl@purevolume.com,Male,55.82.164.159
923,Jae,Carrington,jcarringtonpm@geocities.jp,Male,124.133.76.211
924,Ignace,Bugs,ibugspn@cbslocal.com,Male,139.221.222.160
925,Erick,Sorro,esorropo@discovery.com,Male,193.191.71.221
926,Hildagarde,Domenc,hdomencpp@bbc.co.uk,Female,167.205.117.134
927,Stesha,Chevalier,schevalierpq@barnesandnoble.com,Female,4.45.202.120
928,Chicky,Kahane,ckahanepr@prnewswire.com,Female,65.130.183.66
929,Jodi,Passfield,jpassfieldps@msu.edu,Female,41.96.136.207
930,Gigi,Cottrell,gcottrellpt@forbes.com,Female,69.131.19.63
931,Levi,Stoner,lstonerpu@g.co,Male,88.47.171.107
932,Delbert,Rugiero,drugieropv@examiner.com,Male,44.250.191.190
933,Aurel,Millom,amillompw@theatlantic.com,Female,130.108.27.243
934,Cullie,McCleary,cmcclearypx@twitter.com,Male,213.214.160.119
935,Davide,Margetts,dmargettspy@cornell.edu,Male,1.192.221.101
936,Cammy,Eastman,ceastmanpz@wikia.com,Female,10.208.199.133
937,Winnie,Morgue,wmorgueq0@geocities.com,Male,182.188.183.46
938,Locke,Grisley,lgrisleyq1@cdc.gov,Male,180.26.168.116
939,Noach,Cavendish,ncavendishq2@tmall.com,Male,118.156.91.67
940,Doug,Ownsworth,downsworthq3@ocn.ne.jp,Male,61.40.70.125
941,Pincas,Barnardo,pbarnardoq4@flickr.com,Male,84.88.108.17
942,Bambi,Conybear,bconybearq5@google.cn,Female,128.107.165.218
943,Ailey,Greenhow,agreenhowq6@hugedomains.com,Female,31.135.189.89
944,Bebe,Wickins,bwickinsq7@blog.com,Female,111.118.50.4
945,Chlo,Mauger,cmaugerq8@gnu.org,Female,12.131.255.111
946,Stefano,Pickrill,spickrillq9@theglobeandmail.com,Male,66.207.186.57
947,Moll,Kew,mkewqa@twitter.com,Female,56.42.82.16
948,Wade,Juris,wjurisqb@zimbio.com,Male,146.125.36.51
949,Chaunce,Fortman,cfortmanqc@dyndns.org,Male,32.67.178.212
950,Bobbette,Tirkin,btirkinqd@google.com.au,Female,12.93.193.130
951,Dorette,Meake,dmeakeqe@webeden.co.uk,Female,184.153.109.144
952,Babbette,Nettles,bnettlesqf@bloglines.com,Female,81.245.140.16
953,Lonee,Ghio,lghioqg@prlog.org,Female,132.151.26.57
954,Christean,Kingsnode,ckingsnodeqh@un.org,Female,168.138.251.157
955,Hillary,Peaple,hpeapleqi@1und1.de,Male,178.149.233.191
956,Preston,Monson,pmonsonqj@ebay.co.uk,Male,163.175.212.255
957,Ellissa,Maliffe,emaliffeqk@vistaprint.com,Female,108.35.233.177
958,Benedetta,Vasyutochkin,bvasyutochkinql@foxnews.com,Female,211.121.189.144
959,Miles,Antonellini,mantonelliniqm@is.gd,Male,21.35.82.12
960,Leann,Weatherhead,lweatherheadqn@jiathis.com,Female,146.22.1.31
961,Giles,Eadon,geadonqo@opera.com,Male,18.50.69.36
962,Heidi,Reggiani,hreggianiqp@apple.com,Female,174.219.129.50
963,Cary,Jirieck,cjirieckqq@netvibes.com,Male,119.135.107.200
964,Lorelei,Tows,ltowsqr@princeton.edu,Female,42.43.84.46
965,Rip,O'Sullivan,rosullivanqs@artisteer.com,Male,238.60.137.32
966,Nessa,Doghartie,ndoghartieqt@multiply.com,Female,206.9.24.117
967,Jillene,Laimable,jlaimablequ@chronoengine.com,Female,225.41.104.203
968,Herc,MacCulloch,hmaccullochqv@blinklist.com,Male,15.210.226.67
969,Marshall,Peak,mpeakqw@scientificamerican.com,Male,169.82.86.26
970,Edith,Sawkin,esawkinqx@google.co.jp,Female,235.5.175.236
971,Virginia,Brushfield,vbrushfieldqy@ow.ly,Female,174.213.167.198
972,Lewiss,Dignon,ldignonqz@indiegogo.com,Male,10.253.168.112
973,Eryn,Zmitruk,ezmitrukr0@scientificamerican.com,Female,26.72.37.4
974,Kelly,Echallier,kechallierr1@1und1.de,Male,136.185.113.228
975,Rabbi,Mecozzi,rmecozzir2@deviantart.com,Male,60.149.186.155
976,Ogdon,Hearns,ohearnsr3@woothemes.com,Male,18.120.200.231
977,Amye,Vedikhov,avedikhovr4@smugmug.com,Female,108.85.167.33
978,Frederic,Bradburn,fbradburnr5@google.com,Male,249.223.83.145
979,Weider,Fulle,wfuller6@arizona.edu,Male,196.132.231.232
980,Marcelo,Logue,mloguer7@cmu.edu,Male,170.117.103.178
981,Estele,L'oiseau,eloiseaur8@psu.edu,Female,199.227.202.22
982,Griff,Candelin,gcandelinr9@smugmug.com,Male,244.198.105.61
983,Audie,Goring,agoringra@slate.com,Female,163.46.5.153
984,Guinevere,Landy,glandyrb@wikipedia.org,Female,212.198.80.208
985,Dionisio,Clew,dclewrc@mit.edu,Male,216.78.137.160
986,Nester,Van der Hoven,nvanderhovenrd@earthlink.net,Male,226.39.196.159
987,Blake,Barns,bbarnsre@moonfruit.com,Female,213.62.80.195
988,Haywood,Clemerson,hclemersonrf@usatoday.com,Male,76.94.197.238
989,Lorrayne,Bromige,lbromigerg@icio.us,Female,27.68.80.192
990,Baxy,Cogger,bcoggerrh@eepurl.com,Male,67.247.188.146
991,Seymour,Moukes,smoukesri@ameblo.jp,Male,176.126.39.215
992,Sydel,Capelow,scapelowrj@jigsy.com,Female,35.133.136.52
993,Zach,Thirlaway,zthirlawayrk@google.fr,Male,230.151.185.199
994,Fifine,Mulholland,fmulhollandrl@mashable.com,Female,212.55.93.11
995,Roana,Mallender,rmallenderrm@livejournal.com,Female,194.57.220.148
996,Allys,Nice,anicern@nydailynews.com,Female,135.55.105.83
997,Loydie,Mancktelow,lmancktelowro@samsung.com,Male,107.244.138.229
998,Pat,Mallan,pmallanrp@diigo.com,Female,109.24.59.85
999,Kip,Harbor,kharborrq@blogspot.com,Male,90.222.89.93
1000,Curtice,Thulborn,cthulbornrr@nydailynews.com,Male,124.125.168.108
